<?xml version="1.0" encoding="UTF-8"?>
<project-private xmlns="http://www.netbeans.org/ns/project-private/1">
    <editor-bookmarks xmlns="http://www.netbeans.org/ns/editor-bookmarks/2" lastBookmarkId="0"/>
    <open-files xmlns="http://www.netbeans.org/ns/projectui-open-files/2">
        <group>
            <file>file:/home/apiiit123/NetBeansProjects/RRTS/web/index.html</file>
            <file>file:/home/apiiit123/NetBeansProjects/RRTS/web/Home1.html</file>
            <file>file:/home/apiiit123/NetBeansProjects/RRTS/web/Administrator.jsp</file>
            <file>file:/home/apiiit123/NetBeansProjects/RRTS/web/s_login.html</file>
            <file>file:/home/apiiit123/NetBeansProjects/RRTS/web/use.jsp</file>
        </group>
    </open-files>
</project-private>
